Cleaning,Stemming,Stopword,Token,Train Accuracy,Test Accuracy,F1 Score Train,F1 Score Test,Confusion Matrix Train,Confusion Matrix Test
NO,NO,NO,Unigrams,0.9268583333333333,0.8597368421052631,0.9267030674858986,0.8567756151961279,"[[27476   810  1096   618]
 [  234 29539   111   116]
 [  823   225 26815  2137]
 [  801   134  1672 27393]]","[[1709   64   68   59]
 [  34 1845    6   15]
 [ 174   30 1269  427]
 [  75   24   90 1711]]"
NO,NO,NO,Bigrams,0.9743916666666667,0.7581578947368421,0.9743609861067072,0.7184642391458083,"[[28649   562   601   188]
 [   42 29921    28     9]
 [  184    28 29200   588]
 [  176    20   647 29157]]","[[1734   66   18   82]
 [  30 1854    0   16]
 [ 483   59  430  928]
 [  89   40   27 1744]]"
NO,NO,NO,Both,0.9624,0.7784210526315789,0.9623445295418058,0.7488792931586412,"[[28261   667   785   287]
 [   79 29855    41    25]
 [  349    72 28629   950]
 [  316    27   914 28743]]","[[1732   69   23   76]
 [  32 1856    0   12]
 [ 416   38  560  886]
 [  77   24   31 1768]]"
NO,NO,YES,Unigrams,0.9227166666666666,0.8726315789473684,0.9225556109531986,0.8710879037520922,"[[27335   856  1145   664]
 [  242 29508   117   133]
 [  864   214 26675  2247]
 [  854   138  1800 27208]]","[[1706   61   76   57]
 [  34 1846    9   11]
 [ 129   24 1379  368]
 [  72   18  109 1701]]"
NO,NO,YES,Bigrams,0.9829166666666667,0.7490789473684211,0.9828968622395944,0.7011882055718274,"[[28980   422   457   141]
 [   19 29963    13     5]
 [   97    15 29471   417]
 [   81     6   377 29536]]","[[1734   69   19   78]
 [  24 1854    1   21]
 [ 534   86  350  930]
 [  85   41   19 1755]]"
NO,NO,YES,Both,0.96755,0.7697368421052632,0.9674972864355259,0.7321032978290085,"[[28332   659   760   249]
 [   49 29898    31    22]
 [  261    53 28877   809]
 [  239    18   744 28999]]","[[1741   64   26   69]
 [  25 1864    0   11]
 [ 469   33  458  940]
 [  72   20   21 1787]]"
NO,YES,NO,Unigrams,0.921,0.8593421052631579,0.920830533591922,0.8568477488569309,"[[27300   861  1170   669]
 [  246 29461   139   154]
 [  883   258 26607  2252]
 [  875   166  1807 27152]]","[[1704   65   64   67]
 [  35 1837    7   21]
 [ 161   27 1284  428]
 [  78   22   94 1706]]"
NO,YES,NO,Bigrams,0.9712,0.7630263157894737,0.9711637346947292,0.7271030984017935,"[[28509   588   680   223]
 [   53 29899    34    14]
 [  221    41 29059   679]
 [  196    23   704 29077]]","[[1725   69   19   87]
 [  35 1848    0   17]
 [ 448   50  470  932]
 [  80   33   31 1756]]"
NO,YES,NO,Both,0.959,0.7819736842105263,0.9589354730689124,0.754698950176184,"[[28134   694   836   336]
 [   91 29831    49    29]
 [  393    91 28451  1065]
 [  328    35   973 28664]]","[[1729   67   25   79]
 [  29 1853    0   18]
 [ 402   33  590  875]
 [  70   24   35 1771]]"
NO,YES,YES,Unigrams,0.9176833333333333,0.8706578947368421,0.9174955530235606,0.8691735815931698,"[[27166   902  1233   699]
 [  266 29455   132   147]
 [  923   255 26546  2276]
 [  900   203  1942 26955]]","[[1702   64   77   57]
 [  32 1845    8   15]
 [ 129   22 1378  371]
 [  78   17  113 1692]]"
NO,YES,YES,Bigrams,0.9799833333333333,0.7525,0.9799552292752963,0.7089349406242172,"[[28818   491   531   160]
 [   27 29952    16     5]
 [  126    21 29363   490]
 [   98    10   427 29465]]","[[1724   70   25   81]
 [  25 1852    0   23]
 [ 526   71  390  913]
 [  94   35   18 1753]]"
NO,YES,YES,Both,0.9652666666666667,0.7734210526315789,0.9652030361633147,0.7381646671648456,"[[28234   682   803   281]
 [   59 29895    28    18]
 [  304    64 28756   876]
 [  248    29   776 28947]]","[[1743   63   27   67]
 [  24 1862    0   14]
 [ 457   35  488  920]
 [  70   22   23 1785]]"
YES,NO,NO,Unigrams,0.9169083333333333,0.8722368421052632,0.9167293064480715,0.8707974951136832,"[[27205   881  1183   731]
 [  254 29436   132   178]
 [  920   243 26358  2479]
 [  914   176  1880 27030]]","[[1700   63   75   62]
 [  34 1843    9   14]
 [ 126   24 1383  367]
 [  70   18  109 1703]]"
YES,NO,NO,Bigrams,0.9693416666666667,0.7702631578947369,0.9693039617046603,0.7375597057008672,"[[28456   606   705   233]
 [   55 29903    28    14]
 [  240    47 28993   720]
 [  217    21   793 28969]]","[[1724   68   28   80]
 [  32 1854    0   14]
 [ 440   51  516  893]
 [  83   30   27 1760]]"
YES,NO,NO,Both,0.9559333333333333,0.7890789473684211,0.9558651748614707,0.7650372160217055,"[[28046   706   876   372]
 [   92 29818    45    45]
 [  414   107 28301  1178]
 [  353    38  1062 28547]]","[[1723   66   31   80]
 [  32 1851    0   17]
 [ 388   36  645  831]
 [  68   24   30 1778]]"
YES,NO,YES,Unigrams,0.920075,0.8744736842105263,0.9199096612345052,0.8730711350743497,"[[27242   881  1207   670]
 [  251 29478   137   134]
 [  870   224 26624  2282]
 [  886   167  1882 27065]]","[[1705   62   78   55]
 [  32 1848    8   12]
 [ 126   22 1395  357]
 [  76   17  109 1698]]"
YES,NO,YES,Bigrams,0.9819916666666667,0.7482894736842105,0.9819701438786046,0.7007613817408771,"[[28934   445   475   146]
 [   20 29958    16     6]
 [  102    16 29433   449]
 [   84     9   393 29514]]","[[1726   73   19   82]
 [  25 1851    0   24]
 [ 533   86  352  929]
 [  83   38   21 1758]]"
YES,NO,YES,Both,0.96655,0.7701315789473684,0.9664932093055919,0.7326668592079033,"[[28283   664   784   269]
 [   53 29895    27    25]
 [  269    57 28845   829]
 [  251    26   760 28963]]","[[1744   59   25   72]
 [  25 1861    0   14]
 [ 474   35  460  931]
 [  73   19   20 1788]]"
YES,YES,NO,Unigrams,0.9114916666666667,0.8725,0.9112870368767194,0.8712047218698032,"[[27042   918  1250   790]
 [  286 29380   142   192]
 [  978   272 26159  2591]
 [  990   217  1995 26798]]","[[1695   65   75   65]
 [  33 1838    9   20]
 [ 132   23 1397  348]
 [  71   20  108 1701]]"
YES,YES,NO,Bigrams,0.9661083333333333,0.7768421052631579,0.9660652390628506,0.7491280857255097,"[[28339   631   764   266]
 [   66 29878    38    18]
 [  289    55 28829   827]
 [  238    24   851 28887]]","[[1720   68   27   85]
 [  33 1848    0   19]
 [ 411   43  581  865]
 [  80   30   35 1755]]"
YES,YES,NO,Both,0.9526333333333333,0.7968421052631579,0.9525565602389442,0.776894646697513,"[[27964   727   907   402]
 [  105 29795    56    44]
 [  462   115 28135  1288]
 [  399    46  1133 28422]]","[[1719   70   32   79]
 [  29 1853    0   18]
 [ 357   31  715  797]
 [  70   22   39 1769]]"
YES,YES,YES,Unigrams,0.9142583333333333,0.8744736842105263,0.9140599486812033,0.8732365694864634,"[[27089   916  1271   724]
 [  277 29417   141   165]
 [  960   261 26413  2366]
 [  970   220  2018 26792]]","[[1697   69   75   59]
 [  30 1845    8   17]
 [ 120   22 1410  348]
 [  76   21  109 1694]]"
YES,YES,YES,Bigrams,0.9780916666666667,0.7567105263157895,0.9780601449209899,0.7155739026159075,"[[28724   519   580   177]
 [   28 29949    17     6]
 [  133    22 29295   550]
 [  112    11   474 29403]]","[[1728   69   26   77]
 [  25 1849    0   26]
 [ 515   67  417  901]
 [  87   35   21 1757]]"
YES,YES,YES,Both,0.963425,0.7784210526315789,0.9633604848470813,0.7463959404481332,"[[28180   684   840   296]
 [   60 29885    33    22]
 [  322    65 28685   928]
 [  282    28   829 28861]]","[[1742   63   28   67]
 [  23 1861    0   16]
 [ 430   38  530  902]
 [  71   22   24 1783]]"
